{"cameraMode":{"drawMode":0,"name":"Shaded","section":"Shading Mode"},"sceneLighting":true,"audioPlay":false,"sceneViewState":{"showFog":true,"showMaterialUpdate":false,"showSkybox":true,"showFlares":true,"showImageEffects":true,"showParticleSystems":true},"in2DMode":false,"pivot":{"x":5.397448539733887,"y":0.6871199607849121,"z":4.006373405456543},"rotation":{"x":-0.35044869780540469,"y":-0.33754244446754458,"z":0.1370944380760193,"w":-0.8628207445144653},"size":4.842190742492676,"orthographic":false}