{"cameraMode":{"drawMode":0,"name":"Shaded","section":"Shading Mode"},"sceneLighting":true,"audioPlay":false,"sceneViewState":{"showFog":true,"showMaterialUpdate":false,"showSkybox":true,"showFlares":true,"showImageEffects":true,"showParticleSystems":true},"in2DMode":false,"pivot":{"x":-1.2558462619781495,"y":0.7985363006591797,"z":0.7676482200622559},"rotation":{"x":-0.04859237000346184,"y":0.950984001159668,"z":-0.2300117462873459,"w":-0.20090529322624207},"size":6.0073957443237309,"orthographic":false}